QMS审核时间表,,,,EMS审核时间表,,,OHSMS审核时间表,,
有效人数,高风险,中风险,低风险,高风险,中风险,低风险,高风险,中风险,低风险
15人,3,2.5,2,4.5,3.5,3,4.5,3.5,3
16人,3,2.5,2,4.5,3.5,3,4.5,3.5,3
17人,3.06,2.56,2.06,4.61,3.61,3.06,4.61,3.61,3.06
18人,3.11,2.61,2.11,4.72,3.72,3.11,4.72,3.72,3.11
19人,3.17,2.67,2.17,4.83,3.83,3.17,4.83,3.83,3.17
20人,3.22,2.72,2.22,4.94,3.94,3.22,4.94,3.94,3.22
21人,3.28,2.78,2.28,5.06,4.06,3.28,5.06,4.06,3.28
22人,3.33,2.83,2.33,5.17,4.17,3.33,5.17,4.17,3.33
23人,3.39,2.89,2.39,5.28,4.28,3.39,5.28,4.28,3.39
24人,3.44,2.94,2.44,5.39,4.39,3.44,5.39,4.39,3.44
25人,3.5,3,2.5,5.5,4.5,3.5,5.5,4.5,3.5
26人,3.5,3,2.5,5.5,4.5,3.5,5.5,4.5,3.5
27人,3.55,3.05,2.55,5.58,4.55,3.53,5.58,4.55,3.53
28人,3.61,3.11,2.61,5.66,4.61,3.55,5.66,4.61,3.55
29人,3.66,3.16,2.66,5.74,4.66,3.58,5.74,4.66,3.58
30人,3.71,3.21,2.71,5.82,4.71,3.61,5.82,4.71,3.61
31人,3.76,3.26,2.76,5.89,4.76,3.63,5.89,4.76,3.63
32人,3.82,3.32,2.82,5.97,4.82,3.66,5.97,4.82,3.66
33人,3.87,3.37,2.87,6.05,4.87,3.68,6.05,4.87,3.68
34人,3.92,3.42,2.92,6.13,4.92,3.71,6.13,4.92,3.71
35人,3.97,3.47,2.97,6.21,4.97,3.74,6.21,4.97,3.74
36人,4.03,3.53,3.03,6.29,5.03,3.76,6.29,5.03,3.76
37人,4.08,3.58,3.08,6.37,5.08,3.79,6.37,5.08,3.79
38人,4.13,3.63,3.13,6.45,5.13,3.82,6.45,5.13,3.82
39人,4.18,3.68,3.18,6.53,5.18,3.84,6.53,5.18,3.84
40人,4.24,3.74,3.24,6.61,5.24,3.87,6.61,5.24,3.87
41人,4.29,3.79,3.29,6.68,5.29,3.89,6.68,5.29,3.89
42人,4.34,3.84,3.34,6.76,5.34,3.92,6.76,5.34,3.92
43人,4.39,3.89,3.39,6.84,5.39,3.95,6.84,5.39,3.95
44人,4.45,3.95,3.45,6.92,5.45,3.97,6.92,5.45,3.97
45人,4.5,4,3.5,7,5.5,4,7,5.5,4
46人,4.5,4,3.5,7,5.5,4,7,5.5,4
47人,4.55,4.05,3.55,7.05,5.53,4.03,7.05,5.53,4.03
48人,4.61,4.11,3.61,7.11,5.55,4.05,7.11,5.55,4.05
49人,4.66,4.16,3.66,7.16,5.58,4.08,7.16,5.58,4.08
50人,4.71,4.21,3.71,7.21,5.61,4.11,7.21,5.61,4.11
51人,4.76,4.26,3.76,7.26,5.63,4.13,7.26,5.63,4.13
52人,4.82,4.32,3.82,7.32,5.66,4.16,7.32,5.66,4.16
53人,4.87,4.37,3.87,7.37,5.68,4.18,7.37,5.68,4.18
54人,4.92,4.42,3.92,7.42,5.71,4.21,7.42,5.71,4.21
55人,4.97,4.47,3.97,7.47,5.74,4.24,7.47,5.74,4.24
56人,5.03,4.53,4.03,7.53,5.76,4.26,7.53,5.76,4.26
57人,5.08,4.58,4.08,7.58,5.79,4.29,7.58,5.79,4.29
58人,5.13,4.63,4.13,7.63,5.82,4.32,7.63,5.82,4.32
59人,5.18,4.68,4.18,7.68,5.84,4.34,7.68,5.84,4.34
60人,5.24,4.74,4.24,7.74,5.87,4.37,7.74,5.87,4.37
61人,5.29,4.79,4.29,7.79,5.89,4.39,7.79,5.89,4.39
62人,5.34,4.84,4.34,7.84,5.92,4.42,7.84,5.92,4.42
63人,5.39,4.89,4.39,7.89,5.95,4.45,7.89,5.95,4.45
64人,5.45,4.95,4.45,7.95,5.97,4.47,7.95,5.97,4.47
65人,5.5,5,4.5,8,6,4.5,8,6,4.5
66人,5.5,5,4.5,8,6,4.5,8,6,4.5
67人,5.55,5.05,4.55,8.05,6.05,4.53,8.05,6.05,4.53
68人,5.61,5.11,4.61,8.11,6.11,4.55,8.11,6.11,4.55
69人,5.66,5.16,4.66,8.16,6.16,4.58,8.16,6.16,4.58
70人,5.71,5.21,4.71,8.21,6.21,4.61,8.21,6.21,4.61
71人,5.76,5.26,4.76,8.26,6.26,4.63,8.26,6.26,4.63
72人,5.82,5.32,4.82,8.32,6.32,4.66,8.32,6.32,4.66
73人,5.87,5.37,4.87,8.37,6.37,4.68,8.37,6.37,4.68
74人,5.92,5.42,4.92,8.42,6.42,4.71,8.42,6.42,4.71
75人,5.97,5.47,4.97,8.47,6.47,4.74,8.47,6.47,4.74
76人,6.03,5.53,5.03,8.53,6.53,4.76,8.53,6.53,4.76
77人,6.08,5.58,5.08,8.58,6.58,4.79,8.58,6.58,4.79
78人,6.13,5.63,5.13,8.63,6.63,4.82,8.63,6.63,4.82
79人,6.18,5.68,5.18,8.68,6.68,4.84,8.68,6.68,4.84
80人,6.24,5.74,5.24,8.74,6.74,4.87,8.74,6.74,4.87
81人,6.29,5.79,5.29,8.79,6.79,4.89,8.79,6.79,4.89
82人,6.34,5.84,5.34,8.84,6.84,4.92,8.84,6.84,4.92
83人,6.39,5.89,5.39,8.89,6.89,4.95,8.89,6.89,4.95
84人,6.45,5.95,5.45,8.95,6.95,4.97,8.95,6.95,4.97
85人,6.5,6,5.5,9,7,5,9,7,5
86人,6.5,6,5.5,9,7,5,9,7,5
87人,6.53,6.03,5.53,9.05,7.03,5.01,9.05,7.03,5.01
88人,6.55,6.05,5.55,9.1,7.05,5.03,9.1,7.05,5.03
89人,6.58,6.08,5.58,9.15,7.08,5.04,9.15,7.08,5.04
90人,6.6,6.1,5.6,9.21,7.1,5.05,9.21,7.1,5.05
91人,6.63,6.13,5.63,9.26,7.13,5.06,9.26,7.13,5.06
92人,6.65,6.15,5.65,9.31,7.15,5.08,9.31,7.15,5.08
93人,6.68,6.18,5.68,9.36,7.18,5.09,9.36,7.18,5.09
94人,6.71,6.21,5.71,9.41,7.21,5.1,9.41,7.21,5.1
95人,6.73,6.23,5.73,9.46,7.23,5.12,9.46,7.23,5.12
96人,6.76,6.26,5.76,9.51,7.26,5.13,9.51,7.26,5.13
97人,6.78,6.28,5.78,9.56,7.28,5.14,9.56,7.28,5.14
98人,6.81,6.31,5.81,9.62,7.31,5.15,9.62,7.31,5.15
99人,6.83,6.33,5.83,9.67,7.33,5.17,9.67,7.33,5.17
100人,6.86,6.36,5.86,9.72,7.36,5.18,9.72,7.36,5.18
101人,6.88,6.38,5.88,9.77,7.38,5.19,9.77,7.38,5.19
102人,6.91,6.41,5.91,9.82,7.41,5.21,9.82,7.41,5.21
103人,6.94,6.44,5.94,9.87,7.44,5.22,9.87,7.44,5.22
104人,6.96,6.46,5.96,9.92,7.46,5.23,9.92,7.46,5.23
105人,6.99,6.49,5.99,9.97,7.49,5.24,9.97,7.49,5.24
106人,7.01,6.51,6.01,10.03,7.51,5.26,10.03,7.51,5.26
107人,7.04,6.54,6.04,10.08,7.54,5.27,10.08,7.54,5.27
108人,7.06,6.56,6.06,10.13,7.56,5.28,10.13,7.56,5.28
109人,7.09,6.59,6.09,10.18,7.59,5.29,10.18,7.59,5.29
110人,7.12,6.62,6.12,10.23,7.62,5.31,10.23,7.62,5.31
111人,7.14,6.64,6.14,10.28,7.64,5.32,10.28,7.64,5.32
112人,7.17,6.67,6.17,10.33,7.67,5.33,10.33,7.67,5.33
113人,7.19,6.69,6.19,10.38,7.69,5.35,10.38,7.69,5.35
114人,7.22,6.72,6.22,10.44,7.72,5.36,10.44,7.72,5.36
115人,7.24,6.74,6.24,10.49,7.74,5.37,10.49,7.74,5.37
116人,7.27,6.77,6.27,10.54,7.77,5.38,10.54,7.77,5.38
117人,7.29,6.79,6.29,10.59,7.79,5.4,10.59,7.79,5.4
118人,7.32,6.82,6.32,10.64,7.82,5.41,10.64,7.82,5.41
119人,7.35,6.85,6.35,10.69,7.85,5.42,10.69,7.85,5.42
120人,7.37,6.87,6.37,10.74,7.87,5.44,10.74,7.87,5.44
121人,7.4,6.9,6.4,10.79,7.9,5.45,10.79,7.9,5.45
122人,7.42,6.92,6.42,10.85,7.92,5.46,10.85,7.92,5.46
123人,7.45,6.95,6.45,10.9,7.95,5.47,10.9,7.95,5.47
124人,7.47,6.97,6.47,10.95,7.97,5.49,10.95,7.97,5.49
125人,7.5,7,6.5,11,8,5.5,11,8,5.5
126人,7.5,7,6.5,11,8,5.5,11,8,5.5
127人,7.52,7.02,6.52,11.02,8.02,5.51,11.02,8.02,5.51
128人,7.54,7.04,6.54,11.04,8.04,5.52,11.04,8.04,5.52
129人,7.56,7.06,6.56,11.06,8.06,5.53,11.06,8.06,5.53
130人,7.58,7.08,6.58,11.08,8.08,5.54,11.08,8.08,5.54
131人,7.6,7.1,6.6,11.1,8.1,5.55,11.1,8.1,5.55
132人,7.62,7.12,6.62,11.12,8.12,5.56,11.12,8.12,5.56
133人,7.64,7.14,6.64,11.14,8.14,5.57,11.14,8.14,5.57
134人,7.66,7.16,6.66,11.16,8.16,5.58,11.16,8.16,5.58
135人,7.68,7.18,6.68,11.18,8.18,5.59,11.18,8.18,5.59
136人,7.7,7.2,6.7,11.2,8.2,5.6,11.2,8.2,5.6
137人,7.72,7.22,6.72,11.22,8.22,5.61,11.22,8.22,5.61
138人,7.74,7.24,6.74,11.24,8.24,5.62,11.24,8.24,5.62
139人,7.77,7.27,6.77,11.27,8.27,5.63,11.27,8.27,5.63
140人,7.79,7.29,6.79,11.29,8.29,5.64,11.29,8.29,5.64
141人,7.81,7.31,6.81,11.31,8.31,5.65,11.31,8.31,5.65
142人,7.83,7.33,6.83,11.33,8.33,5.66,11.33,8.33,5.66
143人,7.85,7.35,6.85,11.35,8.35,5.67,11.35,8.35,5.67
144人,7.87,7.37,6.87,11.37,8.37,5.68,11.37,8.37,5.68
145人,7.89,7.39,6.89,11.39,8.39,5.69,11.39,8.39,5.69
146人,7.91,7.41,6.91,11.41,8.41,5.7,11.41,8.41,5.7
147人,7.93,7.43,6.93,11.43,8.43,5.71,11.43,8.43,5.71
148人,7.95,7.45,6.95,11.45,8.45,5.72,11.45,8.45,5.72
149人,7.97,7.47,6.97,11.47,8.47,5.73,11.47,8.47,5.73
150人,7.99,7.49,6.99,11.49,8.49,5.74,11.49,8.49,5.74
151人,8.01,7.51,7.01,11.51,8.51,5.76,11.51,8.51,5.76
152人,8.03,7.53,7.03,11.53,8.53,5.77,11.53,8.53,5.77
153人,8.05,7.55,7.05,11.55,8.55,5.78,11.55,8.55,5.78
154人,8.07,7.57,7.07,11.57,8.57,5.79,11.57,8.57,5.79
