代码,QMS分级,EMS分级,OHSMS分级
01.01.01,2,2,2
01.01.02,2,2,2
01.01.03,2,2,2
01.01.04,2,2,2
01.01.05,2,2,2
01.01.06,2,2,2
01.01.07,2,2,2
01.02.01,2,2,2
01.02.02,2,2,2
01.02.03,2,2,2
01.02.04,2,2,2
01.02.05,2,2,2
01.02.06,2,2,2
01.02.07,2,2,2
01.02.08,2,2,2
01.02.09,2,2,2
01.03.00,2,2,2
01.04.01,2,2,2
01.04.02,2,2,2
01.04.03,2,2,2
01.04.04,2,2,2
01.04.05,2,2,2
01.04.06,2,2,2
01.04.07,2,2,2
01.04.08,2,2,2
01.05.00,2,2,2
01.06.01,2,3,2
01.06.02,2,3,2
01.06.03,2,3,2
01.06.04,2,3,2
01.07.00,2,2,1
01.08.00,2,2,2
01.09.00,2,2,2
01.10.00,2,2,2
01.11.00,2,2,2
01.12.01,1,2,1
01.12.02,1,2,1
01.13.01,2,2,2
01.13.02,2,2,2
02.01.00,1,1,1
02.02.00,1,1,1
02.03.00,2,1,1
02.04.00,2,1,1
02.05.00,2,1,1
02.06.01,1,1,1
02.06.02,2,1,1
02.07.01,2,2,1
02.07.02,2,2,1
02.08.01,1,1,1
02.08.02,1,1,2
02.08.03,1,1,2
02.08.04,2,1,2
02.09.00,2,1,2
02.10.00,2,1,2
03.01.01,1,1,1
03.01.02,1,1,1
03.01.03,1,1,2
03.02.00,1,1,2
03.03.01,1,2,2
03.03.02,1,2,2
03.03.03,1,2,2
03.04.01,1,2,2
03.04.02,1,2,2
03.05.01,1,2,2
03.05.02,1,2,2
03.06.01,1,2,2
03.06.02,1,2,2
03.07.01,1,2,2
03.07.02,1,2,2
03.07.03,1,2,2
03.08.01,1,2,2
03.08.02,1,2,2
03.08.03,1,2,2
03.08.04,1,2,2
03.08.05,1,2,2
03.08.06,1,2,2
03.08.07,1,2,2
03.09.01,1,2,2
03.09.02,1,2,2
03.10.01,1,1,2
03.10.02,1,1,2
03.10.03,1,1,2
03.10.04,1,1,2
03.10.05,1,1,2
03.10.06,2,1,2
03.10.07,1,1,2
03.11.00,2,2,2
04.01.00,3,2,2
04.02.00,3,2,2
04.03.00,3,1,2
04.04.01,3,2,2
04.04.02,3,2,2
04.04.03,3,2,2
04.04.04,3,2,2
04.04.05,3,2,2
04.04.06,3,2,2
04.04.07,3,2,2
04.05.01,3,2,2
04.05.02,3,2,2
04.05.03,3,2,2
04.05.04,3,2,2
04.05.05,3,2,2
04.06.00,3,2,2
04.07.01,3,2,2
04.07.02,3,2,2
05.01.01,2,1,1
05.01.02,3,1,2
05.02.00,2,2,2
06.01.00,2,2,2
06.02.01,2,2,2
06.02.02,2,2,2
06.02.03,2,2,2
06.02.04,2,2,2
06.02.05,2,2,2
07.01.01,3,1,1
07.01.02,3,1,1
07.02.01,3,2,2
07.02.02,3,2,2
07.02.03,3,2,2
07.02.04,3,2,2
07.02.05,3,2,2
08.01.01,3,3,3
08.01.02,3,3,3
08.01.03,3,3,3
08.01.04,3,3,3
08.01.05,3,3,3
08.02.00,3,3,3
09.01.01,2,2,2
09.01.02,2,2,2
09.01.03,2,2,2
09.01.04,2,2,2
09.02.00,3,3,3
10.01.00,2,1,1
10.02.00,1,1,1
11.01.00,1,1,1
12.01.01,1,1,1
12.01.02,1,1,1
12.01.03,1,1,1
12.01.04,1,1,1
12.01.05,1,1,1
12.01.06,1,1,1
12.01.07,1,1,1
12.02.00,1,1,1
12.03.00,1,1,1
12.04.01,1,1,1
12.04.02,1,1,1
12.05.01,1,1,1
12.05.02,1,1,1
12.05.03,1,1,1
12.05.04,1,1,1
12.06.00,1,1,1
13.01.00,1,1,1
13.02.00,1,1,1
14.01.01,2,3,2
14.01.02,2,3,2
14.02.01,2,3,2
14.02.02,2,3,2
14.02.03,2,3,2
14.02.04,2,3,2
15.01.01,2,2,2
15.01.02,2,2,2
15.01.03,2,2,2
15.01.04,2,2,1
15.01.05,2,2,2
15.02.00,2,2,2
15.03.01,2,1,2
15.03.02,2,1,2
15.04.01,2,1,2
15.04.02,2,1,2
15.04.03,2,1,2
15.04.04,2,1,2
15.04.05,2,1,2
15.05.00,2,2,2
15.06.01,2,2,2
15.06.02,2,2,2
16.01.01,2,1,2
16.01.02,2,1,2
16.02.01,2,2,2
16.02.02,2,2,2
16.02.03,2,2,2
16.02.04,2,2,2
16.02.05,2,2,2
16.02.06,2,2,2
17.01.00,2,1,1
17.02.00,2,2,1
17.03.01,2,2,1
17.03.02,2,2,1
17.03.03,2,2,1
17.03.04,2,2,1
17.04.01,2,1,1
17.04.02,2,1,1
17.04.03,2,1,1
17.04.04,2,1,1
17.04.05,2,1,1
17.05.01,2,1,1
17.05.02,2,1,1
17.05.03,2,1,1
17.05.04,2,1,1
17.06.01,2,2,1
17.06.02,1,2,2
17.07.01,1,2,2
17.07.02,1,2,2
17.08.00,2,2,2
17.09.00,2,2,1
17.10.01,2,2,2
17.10.02,2,2,2
17.11.01,2,2,2
17.11.02,2,2,2
17.11.03,2,2,2
17.12.01,2,2,2
17.12.02,2,2,2
17.12.03,2,2,2
17.12.04,2,2,2
17.12.05,2,2,2
17.13.00,2,2,2
18.01.01,2,2,2
18.01.02,2,2,2
18.01.03,2,2,2
18.01.04,2,2,2
18.01.05,2,2,2
18.02.01,2,2,2
18.02.02,2,2,2
18.02.03,2,2,2
18.02.04,2,2,2
18.02.05,2,2,2
18.02.06,2,2,2
18.03.00,2,2,2
18.04.01,2,2,2
18.04.02,2,2,2
18.05.01,2,2,2
18.05.02,2,2,2
18.05.03,2,2,2
18.05.04,2,2,2
18.05.05,2,2,2
18.05.06,2,2,2
18.05.07,2,2,2
18.06.00,1,1,1
18.07.00,1,1,1
18.08.00,2,2,2
18.09.00,2,2,2
19.01.01,2,2,2
19.01.02,2,2,2
19.02.00,2,2,2
19.03.00,2,2,2
19.04.00,2,2,2
19.05.01,2,2,2
19.05.02,2,2,2
19.06.00,1,2,2
19.07.00,2,2,2
19.08.00,2,2,2
19.09.01,2,2,2
19.09.02,2,2,2
19.10.00,2,1,1
19.11.01,2,2,2
19.11.02,2,2,2
19.11.03,2,2,2
19.12.00,2,2,2
19.13.01,2,2,2
19.13.02,2,2,2
19.14.00,2,2,2
19.15.00,2,2,2
19.16.00,2,2,2
19.17.01,2,2,2
19.17.02,2,2,2
20.01.01,1,2,1
20.01.02,1,2,2
20.02.00,1,2,2
21.01.00,1,2,1
21.02.00,1,2,1
22.01.00,1,2,1
22.02.00,2,2,2
22.03.01,2,2,2
22.03.02,2,2,2
22.04.00,1,2,2
22.05.01,1,2,2
22.05.02,2,2,2
22.05.03,2,2,2
22.06.00,2,2,2
23.01.01,2,2,2
23.01.02,2,2,2
23.01.03,2,2,2
23.01.04,2,2,2
23.02.01,2,2,2
23.02.02,2,2,2
23.02.03,2,2,2
23.03.00,2,2,2
23.04.00,2,2,2
23.05.00,2,2,2
23.06.00,1,2,1
23.07.01,2,2,2
23.07.02,2,2,2
23.08.00,2,2,2
24.01.01,2,2,2
24.01.02,2,2,2
25.01.01,2,1,1
25.01.02,2,1,2
25.01.03,2,1,2
25.01.04,2,1,2
26.01.01,2,1,1
26.01.02,2,1,1
26.01.03,2,1,2
27.01.00,2,2,2
27.02.00,2,2,2
28.01.00,2,1,3
28.02.00,1,1,1
28.03.01,1,1,1
28.03.02,1,1,1
28.03.03,1,1,1
28.04.01,1,1,1
28.04.02,1,1,1
28.05.01,1,1,1
28.05.02,1,1,1
28.06.01,2,1,1
28.06.02,2,1,1
28.06.03,2,1,1
28.07.01,2,2,1
28.07.02,2,2,1
28.07.03,2,2,1
28.08.01,2,2,2
28.08.02,2,2,2
28.08.03,2,2,2
28.08.04,2,2,2
28.08.05,2,2,2
28.09.01,1,2,1
28.09.02,1,2,1
29.01.01,3,3,3
29.01.02,3,3,3
29.02.00,2,3,3
29.03.01,3,3,3
29.03.02,3,3,3
29.04.00,2,3,3
29.05.01,3,3,3
29.05.02,3,3,1
29.05.03,3,3,3
29.05.04,3,3,3
29.05.05,3,3,3
29.05.06,3,3,3
29.05.07,3,3,3
29.05.08,3,3,3
29.05.09,3,3,3
29.06.01,3,3,3
29.06.02,3,3,3
29.06.03,3,3,3
29.06.04,3,3,3
29.07.01,3,3,3
29.07.02,3,3,3
29.07.03,3,3,3
29.07.04,3,3,3
29.07.05,3,3,3
29.07.06,3,3,3
29.07.07,3,3,3
29.07.08,3,3,3
29.07.09,3,3,3
29.08.01,3,3,3
29.08.02,3,3,3
29.08.03,3,3,3
29.08.04,3,3,3
29.08.05,3,3,3
29.08.06,3,3,3
29.08.07,3,3,3
29.08.08,3,3,3
29.08.09,3,3,3
29.09.01,3,3,3
29.09.02,3,3,3
29.10.01,3,3,3
29.10.02,3,3,3
29.10.03,3,3,3
29.10.04,3,3,3
29.10.05,3,3,3
29.10.06,3,3,3
29.10.07,3,3,3
29.11.01,3,2,3
29.11.02,3,2,3
29.11.03,3,2,3
29.11.04,3,2,3
29.11.05,3,2, 
29.11.06,3,2,3
29.11.07,3,2,3
29.12.00,3,3,3
29.13.01,3,3,3
29.13.02,3,3,3
29.14.01,3,3,3
29.14.02,3,3,3
29.14.03,3,3,3
29.14.04,3,3,3
29.14.05,3,3,3
29.14.06,3,3,3
29.14.07,3,3,3
29.15.00,3,1,3
29.16.01,3,3,3
29.16.02,3,3,3
29.16.03,3,3,3
29.17.01,3,3,3
29.17.02,3,3,3
29.17.03,3,3,3
29.17.04,3,3,3
29.17.05,3,3,3
29.18.01,3,3,3
29.18.02,3,3,3
29.18.03,3,3,3
29.18.04,3,3,3
29.18.05,3,3,3
29.19.01,3,3,3
29.19.02,3,3,3
29.19.03,3,3,3
29.19.04,3,3,3
29.19.05,3,3,3
29.19.06,3,3,3
29.19.07,3,3,3
29.19.08,3,3,3
29.19.09,3,3,3
29.20.01,3,3,3
29.20.02,3,3,3
29.20.03,3,3,3
29.21.01,3,3,3
29.21.02,3,3,3
29.22.01,3,3,3
29.22.02,3,3,3
29.22.03,3,3,3
29.22.04,3,3,3
29.22.05,3,3,3
29.22.06,3,3,3
30.01.00,2,2,2
30.02.00,2,2,3
30.03.00,2,2,3
30.04.00,2,2,3
30.05.00,2,2,3
30.06.01,2,2,3
30.06.02,2,2,3
30.07.00,2,2,3
31.01.00,1,2,1
31.02.00,2,2,1
31.03.01,1,2,1
31.03.02,1,2,1
31.03.03,1,2,1
31.04.01,1,2,1
31.04.02,2,2,1
31.06.00,1,2,1
31.07.00,1,2,1
31.08.00,1,2,1
31.09.00,1,2,1
31.10.00,1,2,1
31.11.01,1,2,1
31.11.02,1,2,1
31.12.00,2,2,2
31.13.01,2,3,2
31.13.02,2,3,2
31.13.03,2,3,2
31.13.04,2,2,2
31.13.05,2,3,3
31.14.00,2,3,3
31.15.00,2,3,3
31.16.00,2,3,3
31.17.00,2,3,3
31.18.00,2,3,3
31.19.00,2,3,3
32.01.01,2,3,3
32.01.02,2,3,3
32.02.00,2,3,3
32.03.00,2,3,3
32.04.01,2,3,3
32.04.02,2,3,3
32.04.03,2,3,3
32.05.01,2,3,3
32.05.02,2,3,3
32.06.00,2,3,3
32.07.00,2,3,3
32.08.01,2,3,3
32.08.02,2,3,3
32.08.03,2,3,3
32.09.01,2,3,3
32.09.02,2,3,3
32.09.03,2,3,3
32.10.00,2,3,3
32.11.00,2,2,3
32.12.00,2,2,3
32.13.01,2,2,3
32.13.02,2,2,3
32.14.01,2,3,3
32.14.02,2,3,3
32.15.01,2,3,3
32.15.02,2,3,3
32.15.03,2,3,3
32.16.01,2,3,3
32.16.02,2,3,3
32.16.03,2,3,3
32.16.04,2,3,3
32.16.05,2,3,3
32.16.06,2,3,3
32.17.00,2,3,3
33.01.01,2,3,3
33.01.02,2,3,3
33.02.01,2,3,3
33.02.02,2,3,3
33.02.03,2,3,3
33.02.04,2,3,3
33.03.01,2,3,3
33.03.02,2,3,3
34.01.01,1,3,3
34.01.02,1,3,3
34.02.00,2,2,2
34.03.01,2,3,2
34.03.02,2,3,2
34.04.00,2,3,3
34.05.00,2,3,3
34.06.00,2,3,3
35.01.00,2,3,3
35.02.00,3,3,3
35.03.00,3,3,3
35.04.01,3,3,3
35.04.02,3,3,3
35.05.01,3,3,3
35.05.02,3,3,3
35.06.00,3,3,3
35.07.00,3,2,3
35.08.00,3,3,3
35.09.00,3,3,3
35.10.00,3,3,3
35.11.00,3,3,3
35.12.00,2,3,2
35.13.00,3,3,3
35.14.00,3,3,3
35.15.00,2,3,3
35.16.01,2,3,3
35.16.02,2,1,2
35.16.03,2,3,3
35.17.00,2,3,3
35.18.01,3,3,3
35.18.02,3,3,3
35.19.00,3,3,3
35.20.00,3,3,3
35.21.01,3,3,3
35.21.02,3,2,3
35.21.03,3,3,3
36.01.01,2,3,3
36.01.02,2,3,3
36.01.03,2,3,3
36.02.01,2,3,3
36.02.02,2,3,1
36.02.03,2,3,3
36.02.04,2,3,1
36.02.05,2,3,1
36.03.00,2,3,3
37.01.00,3,3,2
37.02.00,3,3,2
37.03.01,3,3,2
37.03.02,3,3,2
37.04.01,3,3,2
37.04.02,3,3,2
37.05.01,3,3,3
37.05.02,3,3,3
37.05.03,3,3,3
37.05.04,3,3,3
37.06.00,3,3,3
38.01.00,1,1,1
38.02.01,1,1,1
38.02.02,1,1,1
38.02.03,1,1,1
38.03.00,1,2,1
38.04.00,1,2,1
38.05.00,1,3,1
38.06.00,1,3,1
38.07.00,2,3,1
38.08.00,2,3,1
38.09.01,2,3,1
38.09.02,2,3,1
38.10.00,2,1,1
39.01.00,2,1,1
39.02.01,2,1,2
39.02.02,1,1,1
39.03.01,2,1,2
39.03.02,1,1,1
39.04.00,2,1,2
39.05.01,2,3,3
39.05.02,2,3,3
39.05.03,2,3,3
39.05.04,2,3,3
39.06.00,2,3,3
39.07.00,2,3,3
39.08.01,2,3,3
39.08.02,2,3,3
39.09.01,2,3,3
39.09.02,2,3,3
39.10.00,2,3,3
39.11.01,2,3,3
39.11.02,2,3,3
39.11.03,2,3,3
39.11.04,2,3,3
39.12.01,2,3,3
39.12.02,2,2,3
39.12.03,2,2,3
39.12.04,2,2,3
39.13.00,2,3,2
39.14.01,2,3,3
39.14.02,2,3,3
39.14.03,2,3,3
39.14.04,2,3,3
39.15.01,2,3,2
39.15.02,2,3,3
39.16.01,2,3,3
39.16.02,2,3,3
39.17.00,2,3,3
39.18.01,2,3,2
39.18.02,2,3,2
39.18.03,2,3,2
39.19.01,2,3,3
39.19.02,2,3,3
39.19.03,2,3,3
39.19.04,2,3,3
39.19.05,2,3,3
39.20.00,2,3,3
39.21.00,2,3,3
39.22.00,2,3,3
39.23.00,2,3,3
